STRATUM	AUDIT_ID	CANDIDATE_ID	CHAIN_ID	DECIDED_AT	DECISION	DECISION_CATEGORY	TARGET_TREND_ID	PROMOTED_TO	SIM_BAND	MAX_NEIGHBOR_SIM	TURN_EXHAUSTED	ET_RESCUE_ROUTED	ET_WAS_SECOND_SOURCE	N_FAMILIES	CLUSTER_SIZE	SOURCE_COUNT	CAND_CONFIDENCE	SPECIFICITY_SCORE	DISTILLATION_VERDICT	TOPIC
S01_turn_exhausted	f5895c12-1087-4b6b-bd43-e6bd36211462	cand-kvggp06bmrgg2o4j	chain-047075bb-270b-4512-9b47-2fd58f76ab77	2026-07-11T10:15:30	DEFER	AMBIGUOUS_TOPIC_JUDGMENT			none		true	true	false	1	2	1	0.95	0.9	REAL_TREND	Tweens adopting multi-step adult skincare with harsh actives
S01_turn_exhausted	20854eb8-6d72-4cb0-a350-4cfc6327bb1e	cand-kvggp06bmrgg2o4j	chain-41948787-59e9-4451-b788-c449d18be4ad	2026-07-13T13:16:41	DEFER	AMBIGUOUS_TOPIC_JUDGMENT			none		true	true	false	1	2	1	0.95	0.9	REAL_TREND	Tweens adopting multi-step adult skincare with harsh actives
S01_turn_exhausted	4be1a37d-76b0-460b-8dbc-551820ce58d7	cand-kvggp06bmrgg2o4j	chain-4929e2aa-153b-40ee-8719-507bfc23bfe5	2026-07-15T16:15:49	DEFER	AMBIGUOUS_TOPIC_JUDGMENT			none		true	true	false	1	2	1	0.95	0.9	REAL_TREND	Tweens adopting multi-step adult skincare with harsh actives
S01_turn_exhausted	89aef34b-fde8-44f6-8ed6-2942ea390469	cand-ycc57ov5mtlagofq	chain-93c9deff-4883-44cc-a324-f98df8f6d4a8	2026-09-03T07:15:25	DEFER	AMBIGUOUS_TOPIC_JUDGMENT			lt060	0.5363	true	true	false	0	0	0	0.8	0.9	REAL_TREND	Using pH-reactive and color-changing makeup for custom shades
S01_turn_exhausted	95ef8388-35bc-4d56-bd7e-76b2ea636650	cand-ycc57ov5mtlagofq	chain-9619cb41-6eca-49d6-9731-170aa21ffa1c	2026-09-05T10:15:23	DEFER	AMBIGUOUS_TOPIC_JUDGMENT			lt060	0.5363	true	true	false	0	0	0	0.8	0.9	REAL_TREND	Using pH-reactive and color-changing makeup for custom shades
S01_turn_exhausted	63310f1f-4644-44c6-9a6b-1a65dfe457cb	cand-x6gub4aomrp0ovow	chain-aebb6dac-656b-4d9c-95f1-cd65907c0a74	2026-07-17T10:15:32	DEFER	AMBIGUOUS_TOPIC_JUDGMENT			b060_070	0.66	true	true	false	1	2	1	0.85	0.9	REAL_TREND	Attending DIY perfume labs and scent bars to craft custom fragrances
S01_turn_exhausted	70dc736c-67e6-48f6-9c17-6d35278d96b9	cand-x6gub4aomrp0ovow	chain-d4f43c74-2306-418d-9202-83084852a79d	2026-07-19T10:16:55	DEFER	AMBIGUOUS_TOPIC_JUDGMENT			b060_070	0.66	true	true	false	1	2	1	0.85	0.9	REAL_TREND	Attending DIY perfume labs and scent bars to craft custom fragrances
S02_defer_needs_signal	14cb55d9-a240-4d56-9de8-82405cd520ab	cand-glh5vv4xmoycgff1	chain-76ca3d55-62bd-42b2-b922-8b6ff260cadf	2026-05-09T10:15:16	DEFER	NEEDS_MORE_SIGNAL		23681d0a-c4c7-44a1-b7f6-691f86b0b6af	none		false	false	false	2	2	2	0.9	0.95	REAL_TREND	Scalp skinification: applying facial skincare ingredients & SPF to the scalp
S02_defer_needs_signal	71c3c106-f485-408a-9e67-5356ce0653ff	cand-mts5lctqmp5yse1q	chain-cf32af94-5ae5-4d20-adb3-1ec9a58095fa	2026-05-14T19:14:53	DEFER	NEEDS_MORE_SIGNAL		748e1813-5cbf-4647-8dd1-e06ecbb429c9	lt060	0.5418	false	false	false	2	2	2	0.8	0.9	REAL_TREND	Proactive 'stress fitness' via non-stimulant adaptogen/mushroom RTDs
S02_defer_needs_signal	a8d24407-ada9-4838-bd2b-d9137dc07d64	cand-bf61vj5ymr9aun2c	chain-9a81ef95-08a1-4329-b234-0234511d98b1	2026-07-06T10:15:21	DEFER	NEEDS_MORE_SIGNAL		61bc6490-d54c-4ebd-9b1d-dc7026bbf5ac	none		false	false	false	2	2	2	0.8	0.85	REAL_TREND	Wellness-first dating (swapping drinks for breathwork/sound baths)
S02_defer_needs_signal	3958fd33-89b4-4209-8a81-e4da17727a2a	cand-i8oy721tmpcvfqa0	chain-d15ee7f8-375e-4e70-881d-e47c5ae09223	2026-05-19T13:15:22	DEFER	NEEDS_MORE_SIGNAL		7cc16b33-ad21-44ce-bd44-03f096cbc081	lt060	0.5111	false	false	false	2	2	2	0.85	0.95	REAL_TREND	Nancy Meyers home aesthetic (slipcovered sofas, layered neutrals)
S02_defer_needs_signal	82e3d499-e39b-4ef3-890e-1b3c9ce5e22a	cand-qgxdzzjempcpq9pp	chain-13671b04-2061-4957-8f05-28a79e0cb3ad	2026-05-19T10:16:14	DEFER	NEEDS_MORE_SIGNAL		6c9f173c-0fb0-4783-a652-5c9f890f39c9	lt060	0.534	false	false	false	2	2	2	0.8	0.85	REAL_TREND	Booking off-grid nature immersion retreats for forced digital disconnection
S02_defer_needs_signal	b9237ba6-bfd7-42e2-ad36-6ce07016dc4c	cand-69bom6nxmqj0wy5e	chain-c5d5386d-3cbf-4758-b477-55d7ea40b685	2026-06-18T01:14:54	DEFER	NEEDS_MORE_SIGNAL		f4e30c93-5d51-4f9a-9a5b-ccea7a43403f	b060_070	0.6293	false	false	false	2	2	2	0.85	0.9	REAL_TREND	Rapid skin-microbiome tests for customized skincare formulations
S02_defer_needs_signal	8df22432-1d08-4b4f-82ac-a3ff4dab24bb	cand-4trsrhejmoxtv3oa	chain-e04f89d5-2edf-497f-960c-d431c15786ba	2026-05-09T01:15:12	DEFER	NEEDS_MORE_SIGNAL		d4d33b9c-c8df-4f08-b14b-b8d6400b3c35	lt060	0.5454	false	false	false	2	2	2	0.8	0.85	REAL_TREND	Functional Jelly Stick & Fruit Leather Replacements
S02_defer_needs_signal	0276adb8-fe02-4745-820f-b1a1856e81a1	cand-4trsrhejmoxtv3oa	chain-fb8d9dcb-84a3-465b-872e-bbc362e8aa14	2026-05-11T07:14:58	DEFER	NEEDS_MORE_SIGNAL		d4d33b9c-c8df-4f08-b14b-b8d6400b3c35	lt060	0.5454	false	false	false	2	2	2	0.8	0.85	REAL_TREND	Functional Jelly Stick & Fruit Leather Replacements
S02_defer_needs_signal	3da7dc32-8dca-4299-9752-2cf116813dde	cand-n7vu2kwkmp50ieej	chain-f85de5f6-e5b9-4df5-be6e-56817771f86e	2026-05-14T01:14:47	DEFER	NEEDS_MORE_SIGNAL		462664f0-8240-4285-971d-f95c32c62487	lt060	0.5339	false	false	false	2	2	2	0.8	0.9	REAL_TREND	Water Stacking: Blending multiple functional health powders into daily water
S02_defer_needs_signal	be3c54d4-d30b-4fcd-802a-bf8111990780	cand-n7vu2kwkmp50ieej	chain-e9206be4-6bfe-41a4-82f1-90043f85f575	2026-05-16T04:14:56	DEFER	NEEDS_MORE_SIGNAL		462664f0-8240-4285-971d-f95c32c62487	lt060	0.5339	false	false	false	2	2	2	0.8	0.9	REAL_TREND	Water Stacking: Blending multiple functional health powders into daily water
S02_defer_needs_signal	6f4cfd32-9a6a-4f70-a87f-f34f19b5ab79	cand-7cmhaqa0mohwyh6e	chain-22678a93-5973-44a3-ac19-5f4e1eddc7a0	2026-04-29T16:56:41	DEFER	NEEDS_MORE_SIGNAL		a621f515-ad9b-4db6-ac9b-d68ea7d643b7	none		false	false	false	2	2	2	0.67	0.79	REAL_TREND	Relaxed/wide-leg denim silhouette replacing skinny jeans as everyday default
S02_defer_needs_signal	d8c7cfb5-eaa8-4fce-a185-aa2e174abd83	cand-zpnvlpbemq57p6n0	chain-65dceef0-621e-41e3-9fd9-bcdd735c0776	2026-06-08T10:15:47	DEFER	NEEDS_MORE_SIGNAL		4b147962-1023-4a65-8a85-0f9abaf34d1c	lt060	0.5376	false	false	false	2	2	2	0.75	0.85	REAL_TREND	Daily Biological Repair Serum Rituals
S03_dedup_branch	dcadcf9a-ae0d-4ff5-a04f-e2578c0a9515	cand-7jl1o8r7mt8quxk5	chain-e5cab14a-ebb7-4b0b-b407-9f2828f16a3d	2026-09-08T21:36:38	MERGE_INTO_EXISTING	CONFIRM_DUPE	5351c59a-edb5-4f91-afac-de7ffa5607a3	5351c59a-edb5-4f91-afac-de7ffa5607a3	b060_070	0.6674	false	true	false	1	2	1	0.95	0.8	DUPLICATE_OF	grocery tourism
S03_dedup_branch	5466bef3-0009-40ee-9487-7aedd04c5307	cand-addez0rjmu8e1ezp	chain-47ea55e8-84d8-4b5f-8393-cc31094d9523	2026-09-19T10:15:18	MERGE_INTO_EXISTING	CORRECTED_DEDUP_TARGET	fe868f01-f1e9-4e28-835c-625fe524ea06	fe868f01-f1e9-4e28-835c-625fe524ea06	b060_070	0.6627	false	true	false	1	1	1	0.9	0.9	DUPLICATE_OF	Olfactive Stacking
S04_over_reject_promote	6bc65697-dfdc-45c8-a43c-1f9454f3d945	cand-a41h30h7msmzx6ma	chain-702a511a-013b-400d-81af-0d0f8d06d127	2026-08-10T07:15:19	REJECT	OVER_REJECT_PROMOTE			lt060	0.5268	false	true	false	1	1	1	0.9	0.9	REAL_TREND	Multi-Step Oral Skinification Routines
S04_over_reject_promote	a7428f52-d3e6-4138-8227-4c4b722a8b3f	cand-gjnab3jmmsbvskb0	chain-957addf3-c8d6-4a6a-a55a-76533a5941e9	2026-08-02T10:17:35	REJECT	OVER_REJECT_PROMOTE			b060_070	0.6559	false	true	false	1	2	1	0.8	0.9	REAL_TREND	Booking vibroacoustic 'sound-bed' sessions for nervous system regulation
S05_reject_needs_signal	c64250bf-ab80-4bf6-8773-a5cc00d9b225	cand-bzqzvp9umu1bpn03	chain-730a7976-c33c-4d4b-982d-9c1ab84a398e	2026-09-14T10:14:53	REJECT	NEEDS_MORE_SIGNAL			b060_070	0.6036	false	true	false	1	2	1	0.9	0.95	REAL_TREND	Using pH-reactive lip balms for personalized color tint
S05_reject_needs_signal	196e1a7c-9c61-4d97-869a-61ede68fb122	cand-opeh20lemsqt1jxs	chain-12a61c69-9688-4ca3-ad82-31065a8fe6f9	2026-08-12T22:15:18	REJECT	NEEDS_MORE_SIGNAL			lt060	0.5605	false	true	false	1	1	1	0.95	0.95	REAL_TREND	Tanmaxxing (Timed UV Routines)
S05_reject_needs_signal	36538477-e23e-46d4-9775-9337cd979047	cand-8gg1l18lmtptbeee	chain-96d7337f-4b49-4907-b4b6-fdf0389dcf38	2026-09-06T10:15:04	REJECT	NEEDS_MORE_SIGNAL			lt060	0.5191	false	true	false	0	0	0	0.85	0.85	REAL_TREND	Everyday Clothing Rental Subscriptions
S05_reject_needs_signal	d9426c95-08dc-4059-a628-fa1e302532f4	cand-xc13yt0wmt8quxk5	chain-f85fcbbf-3e33-47e9-af0a-2d61b4657d00	2026-08-25T10:15:29	REJECT	NEEDS_MORE_SIGNAL			none		false	true	false	1	1	1	0.85	0.95	REAL_TREND	glutathione film
S06_ge080_all	72e0b1ae-a39e-4bd2-93da-7a46b715e414	cand-5eh1cccqmtzw7j6a	chain-ac1ae2d1-fffd-4661-bf4a-d7a107c57446	2026-09-13T10:15:19	MERGE_INTO_EXISTING	MISSED_DUPLICATE	031135f3-956d-497e-8895-f034864e9488	031135f3-956d-497e-8895-f034864e9488	ge080	0.8499	false	false	false	2	3	2	0.85	0.9	REAL_TREND	Using 'dry shampoo for clothes' sprays to refresh garments between washes
S06_ge080_all	be612d5f-e71e-4906-b957-558e1e9d31e4	cand-7oz872e5msrlmbou	chain-65272fdc-ac4a-42e9-ab49-aec5cd040387	2026-08-13T10:15:53	MERGE_INTO_EXISTING	MISSED_DUPLICATE	b7c212f1-cbba-4a05-b649-f909111054cd	b7c212f1-cbba-4a05-b649-f909111054cd	ge080	0.8132	false	true	false	1	1	1	0.9	0.95	REAL_TREND	Mass Market HOCl Skin Sprays
S06_ge080_all	d5bd4a51-285b-49da-9d5d-975d83b5fb2c	cand-xcxoymdtmrtpadtw	chain-f94b11aa-3a09-44b9-a91e-5d3b749c1b73	2026-07-20T19:14:47	MERGE_INTO_EXISTING	MISSED_DUPLICATE	f1d39a12-adab-476c-ad33-1f824b40fe22	f1d39a12-adab-476c-ad33-1f824b40fe22	ge080	0.8182	false	true	false	1	2	1	0.8	0.8	REAL_TREND	Repurposing silk scarves as alternative summer tops and belts
S06_ge080_all	a9153d05-82a7-47aa-8ed5-f9ea114370f8	cand-zef1ualomrizhkru	chain-967d733f-0335-4f6a-a1da-d4b02c89e566	2026-07-13T07:15:02	MERGE_INTO_EXISTING	MISSED_DUPLICATE	c65ac1e4-c137-4888-bebd-204a6dd35bb0	c65ac1e4-c137-4888-bebd-204a6dd35bb0	ge080	0.8262	false	true	false	1	1	1	0.6	0.85	REAL_TREND	Consumers buying food blind boxes and collectible grocery items for unboxing thrill
S06_ge080_all	bd1c58f8-8d66-403e-a6c7-699d6d1eaefb	cand-af9e1fgsmrtb0iyt	chain-fccd0122-eb66-4a58-a38a-f859d5a7316f	2026-07-20T10:15:43	MERGE_INTO_EXISTING	MISSED_DUPLICATE	d252a219-d0d4-4957-8772-ed74bde45336	d252a219-d0d4-4957-8772-ed74bde45336	ge080	0.8113	false	true	false	1	2	1	0.8	0.9	REAL_TREND	Using nicotine-free nootropic pouches for on-demand focus
S06_ge080_all	e0adad1e-feb7-4cd5-b103-6c058699b98c	cand-tpnos0v3mstwgokl	chain-f22b9e23-a6ab-4267-bdc1-8119b2b1e61a	2026-08-15T01:15:10	REJECT	CONFIRM_REJECT			ge080	0.8214	false	true	false	1	1	1	0.85	0.9	REAL_TREND	Aesthetic services for GLP-1 weight loss side effects
S06_ge080_all	bcb2de94-9b14-4c52-a778-253ba5f8aa60	cand-1vh8qmkjms7lejw7	chain-0ea9207e-4a46-4100-9787-045a24ce02fa	2026-07-30T10:15:12	MERGE_INTO_EXISTING	MISSED_DUPLICATE	045d4e05-6dec-40ec-bf40-d97f52a52284	045d4e05-6dec-40ec-bf40-d97f52a52284	ge080	0.8197	false	true	false	1	2	1	0.85	0.9	REAL_TREND	Reapplying midday sun protection via over-makeup SPF powders and mists
S06_ge080_all	991dd758-56d0-46f9-b5e4-2b0b0244b6bf	cand-gzbq7p8nmrp0qdki	chain-aebb6dac-656b-4d9c-95f1-cd65907c0a74	2026-07-17T10:15:38	MERGE_INTO_EXISTING	MISSED_DUPLICATE	2ac227b5-21fa-4b50-937f-6d3ad75b0640	2ac227b5-21fa-4b50-937f-6d3ad75b0640	ge080	0.8532	false	true	false	1	2	1	0.85	0.95	REAL_TREND	Virtual body-doubling for ADHD and remote work focus
S06_ge080_all	c7bcb809-04cd-4370-927d-b5f239e1132f	cand-muqup9k1mtw8rkvc	chain-e1c6b159-1276-4a9f-b18c-23c27ebe4181	2026-09-10T22:15:10	MERGE_INTO_EXISTING	MISSED_DUPLICATE	a1c2c095-576d-4c92-9c72-b8e4661d5b79	a1c2c095-576d-4c92-9c72-b8e4661d5b79	ge080	0.861	false	true	false	1	1	1	0.8	0.95	REAL_TREND	Adopting bemotrizinol (BEMT) sunscreens for daily wear
S06_ge080_all	d082dcab-26f5-46e1-ab6f-97c0a6e38fb0	cand-6os9kkz6mt1it8qy	chain-6887f8df-dfc5-4c0a-b2c2-ec699450fb42	2026-08-20T10:15:12	MERGE_INTO_EXISTING	MISSED_DUPLICATE	173ad768-c0dc-4ace-bedb-84b4f6d2380b	173ad768-c0dc-4ace-bedb-84b4f6d2380b	ge080	0.861	false	true	false	1	1	1	0.95	0.95	REAL_TREND	GHK-Cu copper peptide serums for skin repair and firmness
S06_ge080_all	95841900-11d3-4b3b-a3bd-291a4a72f715	cand-1m2kszx8msrzv66c	chain-1b6e9462-453d-458f-8c04-96396dba95a5	2026-08-13T19:14:59	MERGE_INTO_EXISTING	MISSED_DUPLICATE	a6f1db2a-4887-4307-a188-f0256ef000fc	a6f1db2a-4887-4307-a188-f0256ef000fc	ge080	0.8502	false	true	false	1	2	1	0.8	0.85	REAL_TREND	Alternating alcoholic and non-alcoholic drinks to pace intake
S06_ge080_all	d5919bee-033a-4d8d-88d9-7fc20be8c534	cand-gyzc2tofmteds12q	chain-fa0d2622-a2ab-410a-be2c-8f7298d33126	2026-08-29T10:14:54	MERGE_INTO_EXISTING	MISSED_DUPLICATE	0d291db0-87d6-460b-a8c0-9bcf0b3b5bf7	0d291db0-87d6-460b-a8c0-9bcf0b3b5bf7	ge080	0.8285	false	true	false	0	0	0	0.8	0.9	REAL_TREND	Cottage cheese as a versatile high-protein base for snacks
S06_ge080_all	90fefb42-3b1f-4ce6-bf61-13f5f6886926	cand-fyff3rlwmrjp9aix	chain-4e634b05-a5b3-4224-81a4-ca3020344fab	2026-07-13T19:15:04	MERGE_INTO_EXISTING	MISSED_DUPLICATE	73c8167b-db45-4c24-a90d-8e52575ac9c1	73c8167b-db45-4c24-a90d-8e52575ac9c1	ge080	0.8001	false	true	false	1	1	1	0.95	0.9	REAL_TREND	Non-Diabetic CGM Tracking
S06_ge080_all	c3488a66-d732-4dad-8ec0-1bb2512af24e	cand-f5ymorw0mrunltvj	chain-8cc77b5b-bfdd-47e9-a5e8-43fa2cdd2d1f	2026-07-21T10:15:19	MERGE_INTO_EXISTING	MISSED_DUPLICATE	9a73f315-1a60-4f12-a0af-83b0d38a1844	9a73f315-1a60-4f12-a0af-83b0d38a1844	ge080	0.8756	false	true	false	1	1	1	0.85	0.95	REAL_TREND	Color drenching interiors (painting walls, ceiling, trim same bold color)
S06_ge080_all	9f3f1de3-31f0-44a6-97bc-4068a9eb6186	cand-1lrl6kj9mqwu6p9j	chain-05e99a9f-e3a4-4499-8722-bcbe26fb52e7	2026-06-27T19:15:05	MERGE_INTO_EXISTING	MISSED_DUPLICATE	336837f8-5e44-452f-ae12-cc86aec14450	336837f8-5e44-452f-ae12-cc86aec14450	ge080	0.8459	false	false	false	2	2	2	0.8	0.85	REAL_TREND	'Fricy' Flavor Combinations (Fruity + Spicy) in Snacks and Beverages
S06_ge080_all	4fe37fae-9c16-43c2-8132-1c5295032b0a	cand-yskefuw8mu1he57w	chain-d5ea96c6-55be-4520-89c9-12fa195f1a8b	2026-09-14T13:15:26	MERGE_INTO_EXISTING	MISSED_DUPLICATE	031135f3-956d-497e-8895-f034864e9488	031135f3-956d-497e-8895-f034864e9488	ge080	0.8131	false	false	false	2	2	2	0.85	0.9	REAL_TREND	Dry wash sprays for clothes
S06_ge080_all	b94c570e-b8b0-4dda-9c00-e00da9c095e3	cand-712sclh0mtz3nsks	chain-a22800fa-3206-485a-865e-962409c2f964	2026-09-12T22:14:56	MERGE_INTO_EXISTING	MISSED_DUPLICATE	031135f3-956d-497e-8895-f034864e9488	031135f3-956d-497e-8895-f034864e9488	ge080	0.8434	false	false	false	2	2	2	0.85	0.9	REAL_TREND	Using 'dry shampoo for clothes' to refresh garments between washes
S06_ge080_all	eca150f0-5ba1-48f5-b754-cf43569fc4e6	cand-2ptakvg9mu9cbyrh	chain-a5d2f398-a864-42e2-ae48-07a035f97758	2026-09-20T01:15:04	MERGE_INTO_EXISTING	MISSED_DUPLICATE	a6f1db2a-4887-4307-a188-f0256ef000fc	a6f1db2a-4887-4307-a188-f0256ef000fc	ge080	0.8352	false	true	false	1	1	1	0.85	0.9	REAL_TREND	Zebra-striping (alternating alcoholic and NA drinks)
S06_ge080_all	e01290f5-cabc-46b2-b370-0dd4347aea48	cand-nz9wgjw8mtj5961n	chain-5ade57e5-e6fd-4ff6-b874-2e9c13b2d5d8	2026-09-01T19:15:12	MERGE_INTO_EXISTING	MISSED_DUPLICATE	9a73f315-1a60-4f12-a0af-83b0d38a1844	9a73f315-1a60-4f12-a0af-83b0d38a1844	ge080	0.8844	false	true	false	0	0	0	0.9	0.9	REAL_TREND	Color Drenching Interiors
S06_ge080_all	ac4816a0-ba6c-49c1-81b8-f313db783251	cand-6gizh7tsmss8fr6z	chain-e5c7fe07-98a5-487b-9e52-29c4a93efb22	2026-08-13T22:14:51	MERGE_INTO_EXISTING	MISSED_DUPLICATE	a6f1db2a-4887-4307-a188-f0256ef000fc	a6f1db2a-4887-4307-a188-f0256ef000fc	ge080	0.8717	false	false	false	2	2	2	0.8	0.85	REAL_TREND	Alternating alcoholic and non-alcoholic drinks for pacing
S06_ge080_all	011bfe3a-8c6b-4a5e-b0ff-6a8f2a4aaa09	cand-zmfsnktfms6k9g3h	chain-cf0d0a85-cc61-4279-827b-0804189f70db	2026-07-29T19:14:49	MERGE_INTO_EXISTING	MISSED_DUPLICATE	98b67c8b-3f1c-4ac6-b773-745d0eb23f62	98b67c8b-3f1c-4ac6-b773-745d0eb23f62	ge080	0.904	false	true	false	1	2	1	0.8	0.9	REAL_TREND	Sensory-friendly 'quiet hours' at major retailers
S06_ge080_all	3398620c-2c97-452f-81f3-d68301eed09c	cand-7twu3v8mms3b2zsk	chain-a8445153-fe85-49d1-b475-4220634d9e44	2026-07-27T10:15:33	MERGE_INTO_EXISTING	MISSED_DUPLICATE	cffb5872-b5e3-452f-ab0b-97eaa68a64ef	cffb5872-b5e3-452f-ab0b-97eaa68a64ef	ge080	0.8335	false	true	false	1	2	1	0.9	0.9	REAL_TREND	Replacing creatine powders with snackable gummy formats for daily wellness
S06_ge080_all	c8d4b6f7-b0ce-404d-a4a5-c8dbd81ac8cf	cand-yhute3tdmrunlqe0	chain-8cc77b5b-bfdd-47e9-a5e8-43fa2cdd2d1f	2026-07-21T10:15:07	MERGE_INTO_EXISTING	MISSED_DUPLICATE	515be16c-0f0c-4c3d-8ed1-163e75670b9e	515be16c-0f0c-4c3d-8ed1-163e75670b9e	ge080	0.8123	false	true	false	1	2	1	0.9	0.95	REAL_TREND	Dubai chocolate (pistachio knafeh) expanding into cheesecakes and ice cream
S06_ge080_all	29af97b3-479d-48ca-8aee-37dbd784489e	cand-jme1q3ehmu3mkl30	chain-7258ccd7-96fc-4558-9c4f-f76aaf7f74d2	2026-09-16T01:15:01	MERGE_INTO_EXISTING	MISSED_DUPLICATE	c14b6ddf-299a-4d25-9ae0-2395e704a88d	c14b6ddf-299a-4d25-9ae0-2395e704a88d	ge080	0.8019	false	true	false	1	2	1	0.8	0.95	REAL_TREND	Office Siren Aesthetic
S06_ge080_all	7d3e6379-2467-4601-a976-7635b4a39617	cand-jjsxvj16mtuc8zba	chain-54bac4d3-3ba4-4d4b-993e-26650b18ee7a	2026-09-09T13:15:01	MERGE_INTO_EXISTING	MISSED_DUPLICATE	d781c8dd-eda4-44b6-bc33-9c632941021b	d781c8dd-eda4-44b6-bc33-9c632941021b	ge080	0.8383	false	true	false	1	1	1	0.85	0.95	REAL_TREND	Applying PDRN (salmon DNA) serums for skin repair
S06_ge080_all	cc28bdc4-8072-40b4-a21c-d9ce9f8008af	cand-idboqmmkmu108zan	chain-39711069-9bda-424c-9811-34f91da4a444	2026-09-14T07:14:55	MERGE_INTO_EXISTING	MISSED_DUPLICATE	031135f3-956d-497e-8895-f034864e9488	031135f3-956d-497e-8895-f034864e9488	ge080	0.8442	false	false	false	2	3	2	0.85	0.9	REAL_TREND	Using 'dry shampoo for clothes' to refresh garments between washes
S06_ge080_all	587ea11c-1ba5-4d1b-973b-6ff73093a65a	cand-pfyfqt8lmsudlkgc	chain-4132f839-8b0a-4dc3-880c-414f2995a735	2026-08-15T10:14:58	MERGE_INTO_EXISTING	MISSED_DUPLICATE	a6f1db2a-4887-4307-a188-f0256ef000fc	a6f1db2a-4887-4307-a188-f0256ef000fc	ge080	0.8634	false	true	false	1	1	1	0.8	0.9	REAL_TREND	Zebra Striping (Alternating alcoholic and NA drinks)
S07_contested_not_merge	94fb0300-2510-4cb5-9fa0-e52d3ddeaa1e	cand-oo0l7bq5mu5lzowk	chain-dd928485-7d93-41be-9876-604e02724ca9	2026-09-17T10:15:29	REJECT	LOW_QUALITY			contested	0.7945	false	true	false	1	2	1	0.8	0.9	REAL_TREND	Portable personal cooling fans as fashion accessories
S07_contested_not_merge	f569c49d-6dd3-4382-a2d4-8da4d01729fd	cand-on6jwhjzms54to75	chain-e5f0bbc9-4eb4-452c-97c3-fcbe577c269f	2026-07-28T19:14:56	PROMOTE_NEW	CONFIRM_NEW	a498fe9d-2e53-4f3c-8ec7-f4c7c9d8ae5f	a498fe9d-2e53-4f3c-8ec7-f4c7c9d8ae5f	contested	0.7289	false	false	false	2	2	2	0.85	0.95	REAL_TREND	Cold-air nebulizing diffusers for hotel-grade home scenting
S07_contested_not_merge	eb1da209-7c46-45f0-935f-fb5a111f9a6d	cand-9so12fvkmtlrk9n5	chain-10d0a8b2-8d80-4d18-9ec4-3d34cbbbc8f7	2026-09-03T13:14:59	REJECT	LOW_QUALITY			contested	0.7082	false	true	false	0	0	0	0.85	0.95	REAL_TREND	Consuming creatine-infused everyday sodas and snacks for cognitive and aging benefits
S07_contested_not_merge	bd3414b1-d553-4f2f-aaf5-3e11442190fd	cand-cpc4l6mtms0g73gc	chain-da98ec94-7f35-4977-a0c4-f8d980c714ea	2026-07-25T10:15:07	REJECT	LOW_QUALITY			contested	0.758	false	true	false	1	3	1	0.85	0.9	REAL_TREND	Attending in-store retailtainment events and fandom pop-ups
S07_contested_not_merge	f97d6a64-0e6a-44e6-b73a-6c4023763271	cand-05hug3fzmskunwwv	chain-370dd577-fb1d-47cb-8692-356e7cb5d433	2026-08-08T19:14:54	PROMOTE_NEW	CONFIRM_NEW	f0bc96e3-e476-44aa-b5ef-cfe97812eb07	f0bc96e3-e476-44aa-b5ef-cfe97812eb07	contested	0.7249	false	false	false	2	2	2	0.85	0.8	REAL_TREND	Delegating holiday gift research to AI shopping assistants
S07_contested_not_merge	9fc6a1af-368b-4aca-8a3f-f1946d147e9c	cand-vqlnkdfnmtxfmq7j	chain-d5159c0b-b5f8-4637-97e6-6ca306ebf23d	2026-09-11T19:14:53	REJECT	LOW_QUALITY			contested	0.7843	false	true	false	1	1	1	0.9	0.9	REAL_TREND	Swicy (sweet-spicy) flavor profiles in snacks and beverages
S07_contested_not_merge	b4c13c59-8406-4f41-8e0a-db2ad4ba5018	cand-o332rjugmspdk41v	chain-50fbfdd1-5cfc-4b5f-9a38-ccc96983ad69	2026-08-11T22:15:01	REJECT	LOW_QUALITY			contested	0.7222	false	true	false	1	2	1	0.85	0.95	REAL_TREND	Topical NAD+ serums for cellular longevity and anti-aging
S07_contested_not_merge	a4020399-c175-4af2-96d6-6b678a03771c	cand-aehdlgytmpbacleh	chain-796a88c5-d0b1-4d23-b5f6-55059bf28dff	2026-05-18T13:15:28	PROMOTE_NEW	CONFIRM_NEW	2489b0a7-560b-4ea4-91b3-05e8d0f70bae	2489b0a7-560b-4ea4-91b3-05e8d0f70bae	contested	0.7003	false	false	false	2	3	2	0.85	0.9	REAL_TREND	'Swavory' (savory-sweet) flavors in RTD beverages & snacks
S07_contested_not_merge	0a846d5c-f5b6-44e7-ae0e-657b43a50d8d	cand-zsfynoogmsmiohzo	chain-f896ae95-c722-45fb-a1fa-a1a608ded85c	2026-08-09T22:15:03	PROMOTE_NEW	CONFIRM_NEW	7f13dba0-52b6-4a97-ab30-07538327a18e	7f13dba0-52b6-4a97-ab30-07538327a18e	contested	0.7089	false	true	true	1	1	1	0.85	0.9	REAL_TREND	Sparkling Protein Beverages
S07_contested_not_merge	1bbaab28-fe88-4d98-8688-e6388c1d522f	cand-79raryadmr3l3g19	chain-6c9838fd-ff34-414f-854b-9b878553bae2	2026-07-02T10:14:56	PROMOTE_NEW	CONFIRM_NEW	5d8c79bc-c79f-4713-9ff2-bf6c1038b2b0	5d8c79bc-c79f-4713-9ff2-bf6c1038b2b0	contested	0.7488	false	false	false	2	4	2	0.85	0.85	REAL_TREND	Purchasing directly from sponsored carousels inside conversational AI chats
S07_contested_not_merge	95a78417-0a61-4508-85d3-d1788fb355d8	cand-8nubwfuqmr25n201	chain-1887a2d8-1001-42f1-966f-a3dfc2b08c19	2026-07-01T10:15:31	PROMOTE_NEW	CONFIRM_NEW	16f49ffc-6818-4eb7-888f-933b89e07ed6	16f49ffc-6818-4eb7-888f-933b89e07ed6	contested	0.7212	false	false	false	2	2	2	0.8	0.8	REAL_TREND	Using AI-integrated beauty devices for real-time personalized skincare at home
S07_contested_not_merge	b4df991d-c42a-4bf0-b652-ca86f6d6798c	cand-xu2ccb00mtlagofq	chain-93c9deff-4883-44cc-a324-f98df8f6d4a8	2026-09-03T07:15:22	REJECT	LOW_QUALITY			contested	0.7258	false	true	false	0	0	0	0.8	0.85	REAL_TREND	Clinical biological age testing for longevity optimization
S07_contested_not_merge	9e236050-dd94-4fbe-a54f-25f58e06f3f6	cand-zbpbvan9mrxr21sy	chain-a48b01cc-7bad-44eb-9b67-41d661ce9d14	2026-07-23T13:15:54	PROMOTE_NEW	CONFIRM_NEW	4c15bfe6-466f-4808-8e0c-5dce7be08560	4c15bfe6-466f-4808-8e0c-5dce7be08560	contested	0.7628	false	false	false	2	2	2	0.85	0.9	REAL_TREND	At-home vaginal and skin microbiome testing for personalized care
S07_contested_not_merge	4ab3017a-f95d-4f8d-8e96-c1433f5c62b5	cand-2y57gkdlmstfb8mg	chain-e194b8c2-768b-4fae-b9f4-fb898784907d	2026-08-14T19:15:02	PROMOTE_NEW	CONFIRM_NEW	554d9407-f53d-4a1f-9d1e-c50c641638e7	554d9407-f53d-4a1f-9d1e-c50c641638e7	contested	0.7057	false	true	true	1	1	1	0.9	0.9	REAL_TREND	Substituting energy drinks with functional mushroom RTDs
S07_contested_not_merge	959bafd8-6d19-40d0-924d-1ced18e02cde	cand-dxqv5nrhmq9kua4z	chain-0585cb61-b0bc-4641-8c74-0778a836d544	2026-06-11T10:15:08	PROMOTE_NEW	CONFIRM_NEW	feb39eba-ca41-42d3-973a-d3ac979dfbc5	feb39eba-ca41-42d3-973a-d3ac979dfbc5	contested	0.7595	false	false	false	2	2	2	0.85	0.9	REAL_TREND	Layering PDRN (salmon DNA) and exosome serums for cellular regeneration
S07_contested_not_merge	97f5fb12-72fc-4a7e-9f12-055470b58d1c	cand-gjuq4pkkmrf0laam	chain-c3f0da4b-3a4d-49b4-be13-08eb9d56a122	2026-07-10T10:15:48	PROMOTE_NEW	CONFIRM_NEW	b124e818-558f-41d5-8415-b759412e29f1	b124e818-558f-41d5-8415-b759412e29f1	contested	0.7296	false	true	true	1	2	1	0.85	0.9	REAL_TREND	Postbiotic supplements for gut-brain axis and mood support
S07_contested_not_merge	3a285821-43c7-4811-b3e2-643123ae1124	cand-rmfpeepxmrhvivgp	chain-852981fd-9a6b-4959-9af2-035272d728f6	2026-07-12T10:15:10	REJECT	LOW_QUALITY			contested	0.7016	false	true	false	1	2	1	0.8	0.85	REAL_TREND	Purchasing bulk Korean skincare at warehouse retailers like Costco
S07_contested_not_merge	cbdb1380-a93d-4024-b00e-eae58572419a	cand-mktzjmybmqru5jx4	chain-5daa3f05-2282-4eba-ae3d-eb28abc00ebc	2026-06-24T07:15:21	PROMOTE_NEW	CONFIRM_NEW	a5092338-ad60-4c69-90d5-07849d8d303a	a5092338-ad60-4c69-90d5-07849d8d303a	contested	0.7067	false	false	false	2	2	2	0.85	0.9	REAL_TREND	Adopting probiotic intimate sprays and washes for microbiome health
S07_contested_not_merge	90e48b8d-7634-40cd-aa94-db1011f8734f	cand-7oi0cyonmsyfcga6	chain-ac30b998-b534-47a0-851b-7ca3d3ddd2e9	2026-08-18T10:15:10	PROMOTE_NEW	CONFIRM_NEW	a3e1ad73-3f6f-4ed4-a884-dc36fbb7083a	a3e1ad73-3f6f-4ed4-a884-dc36fbb7083a	contested	0.7021	false	true	true	1	1	1	0.85	0.95	REAL_TREND	Injecting BPC-157 peptides for injury recovery and muscle building
S07_contested_not_merge	8c2d285b-5d2d-4297-8b5a-95404ae9c80b	cand-o9ffpg4hmtkc40dm	chain-10e1eb9c-b833-477f-8f25-6a6e66037c77	2026-09-02T13:15:23	REJECT	CONFIRM_REJECT			contested	0.723	false	true	false	0	0	0	0.85	0.9	REAL_TREND	AI-Powered Robotic At-Home Manicures
S07_contested_not_merge	35152c07-f30e-41b4-9efb-89fc1e9daa9e	cand-r7dyet50mql0e45d	chain-5cf70be0-cf12-42de-9eeb-fe15fb354c8c	2026-06-19T10:15:00	PROMOTE_NEW	CONFIRM_NEW	dac2b3a1-fa3a-40d2-8a0d-f1ae1a09ec21	dac2b3a1-fa3a-40d2-8a0d-f1ae1a09ec21	contested	0.7136	false	false	false	2	3	2	0.9	0.9	REAL_TREND	Using sub-30-minute and drone delivery for routine mid-week grocery replenishment
S07_contested_not_merge	da605ebd-6c96-4c9f-8339-d9de220834ea	cand-64kr01n1mtu6igqz	chain-a2ecab55-20b1-4d28-a1c4-2f89f2dfb59b	2026-09-09T10:15:23	REJECT	LOW_QUALITY			contested	0.7816	false	true	false	1	3	1	0.8	0.95	REAL_TREND	Self-injecting copper peptides at home for anti-aging
S07_contested_not_merge	cdbf52d9-09fa-4db9-a383-d6fd79bfc13c	cand-0i6mw2u6mseqo8z1	chain-fb34a88b-575a-4385-aa4d-0c133258b683	2026-08-04T10:15:36	REJECT	LOW_QUALITY			contested	0.7691	false	true	false	1	2	1	0.95	0.9	REAL_TREND	GLP-1 users prioritizing high-protein and nutrient-dense foods for smaller portions
S07a_et_earned_2nd	08e6b8f1-9225-43e1-b42d-632e7ea4a95d	cand-kbzkbavbmtdo1pum	chain-98150f30-5a79-4482-bee6-3728e44f0167	2026-08-28T22:15:07	PROMOTE_NEW	CONFIRM_NEW	0d291db0-87d6-460b-a8c0-9bcf0b3b5bf7	0d291db0-87d6-460b-a8c0-9bcf0b3b5bf7	b060_070	0.6701	false	true	true	0	0	0	0.95	0.95	REAL_TREND	Cottage cheese as high-protein base for snacks and desserts
S07a_et_earned_2nd	7f705f82-ab89-4d6b-9f35-c5ccefedb4d1	cand-4ks8nsowmtk3ixmm	chain-3bf336e1-4563-46f1-b042-9e138cb4f32c	2026-09-02T10:15:05	PROMOTE_NEW	CONFIRM_NEW	48be6b66-28f9-4031-81a5-1af458f242f3	48be6b66-28f9-4031-81a5-1af458f242f3	b060_070	0.6879	false	true	true	0	0	0	0.95	0.95	REAL_TREND	Personalizing handbags with bag charms and embellishments
S07a_et_earned_2nd	43698a84-5f90-40f0-b071-c250b6c8521e	cand-rtigkpnwmri9s1ek	chain-5764e6fb-1890-4227-9c6d-5bb8845cabd1	2026-07-12T19:15:06	PROMOTE_NEW	CONFIRM_NEW	445e66a9-8f45-41b1-a73e-61e89117ed38	445e66a9-8f45-41b1-a73e-61e89117ed38	none		false	true	true	1	1	1	0.9	0.95	REAL_TREND	Renter-friendly battery/rechargeable wall sconces
S07a_et_earned_2nd	655d3ac6-f246-4ed1-8fca-7c00e6b15bd9	cand-dfjgk7o4mrqg415h	chain-8dab4f25-4148-4e79-b1c3-d998cc040008	2026-07-18T10:15:18	PROMOTE_NEW	CONFIRM_NEW	0a783d8e-cdf5-4fe3-b86b-5d43e955ed7e	0a783d8e-cdf5-4fe3-b86b-5d43e955ed7e	lt060	0.5166	false	true	true	1	2	1	0.85	0.9	REAL_TREND	Electric countertop composters for urban food waste
S07a_et_earned_2nd	61eec3e9-e76b-4c1c-a4e3-cc754128fc23	cand-odl6hv99mt7bfbg2	chain-b5b0ff03-dc92-4827-917a-71394b2603e3	2026-08-24T10:15:20	PROMOTE_NEW	CONFIRM_NEW	db5005e8-a9b2-4478-a2ba-6575ba510095	db5005e8-a9b2-4478-a2ba-6575ba510095	lt060	0.5681	false	true	true	1	2	1	0.9	0.9	REAL_TREND	Swapping traditional sugar and candy for date syrup and date-sweetened gummies
S07a_et_earned_2nd	17ad6105-7b17-4f86-856a-e32c359c3016	cand-aylpg2oamsfm1gyi	chain-faf34f94-4523-4cc1-aa08-67f68768b956	2026-08-05T01:14:55	PROMOTE_NEW	CONFIRM_NEW	70fde32c-72fd-46cf-83e3-17cef13a2524	70fde32c-72fd-46cf-83e3-17cef13a2524	b060_070	0.6285	false	true	true	1	1	1	0.85	0.9	REAL_TREND	Wearing light therapy glasses for sleep and circadian regulation
S07a_et_earned_2nd	fc1b6afd-9cd3-4924-8b2e-564d2c89e533	cand-4mdf0cj4mt5bzell	chain-4cbd9b28-1380-48ae-a406-386d3095bcb3	2026-08-23T01:15:07	PROMOTE_NEW	CONFIRM_NEW	24131b4d-c618-4274-9ba1-b5fccd6db89e	24131b4d-c618-4274-9ba1-b5fccd6db89e	b060_070	0.6767	false	true	true	1	2	1	0.85	0.9	REAL_TREND	Unconventional Fragrance Vehicles (Mouth and Hair Perfume)
S07a_et_earned_2nd	d1d5baac-e08f-4b2d-9612-05c5635e62fb	cand-wyp7tqpomrm5sz9i	chain-d0d8ce70-0b3f-4fe1-b6a0-b302aa04d06c	2026-07-15T10:15:19	PROMOTE_NEW	CONFIRM_NEW	f6461e93-079c-42f5-98b9-474dcc6a7e57	f6461e93-079c-42f5-98b9-474dcc6a7e57	lt060	0.5026	false	true	true	1	2	1	0.85	0.9	REAL_TREND	Pocket aromatherapy inhalers for on-the-go stress relief
S07a_et_earned_2nd	66c0dee2-bf0d-4c8c-9231-bd9adec157e5	cand-d98f75pzmt200vmm	chain-02f2d95e-1e8c-4dfb-a6c0-23c029152b29	2026-08-20T19:15:14	PROMOTE_NEW	CONFIRM_NEW	bc7fe2a1-3b38-44f7-9614-9057ef164db6	bc7fe2a1-3b38-44f7-9614-9057ef164db6	none		false	true	true	1	2	1	0.85	0.95	REAL_TREND	Applying manga-inspired spiky lash styles
S07a_et_earned_2nd	b113854f-3e41-45d1-979a-0942a3af5bf8	cand-7f60v9h9mt6iud64	chain-064b88d9-d9c4-430d-aa99-e62e63837d34	2026-08-23T22:15:09	PROMOTE_NEW	CONFIRM_NEW	5c3e1f7b-b600-4775-98ed-0b385a50e0ea	5c3e1f7b-b600-4775-98ed-0b385a50e0ea	lt060	0.5822	false	true	true	1	1	1	0.8	0.95	REAL_TREND	Using dimmable candle warmer lamps for flame-free home scenting
S07a_et_earned_2nd	e76d93ff-b623-49d5-90d1-b0b344d273c2	cand-jyjsgmbxmru6fuz6	chain-eb429adc-3cd4-4123-9a25-0af6497f0f69	2026-07-21T01:15:08	PROMOTE_NEW	CONFIRM_NEW	bec25a1b-dbe6-40e0-bc9a-6540830872b3	bec25a1b-dbe6-40e0-bc9a-6540830872b3	none		false	true	true	1	1	1	0.9	0.9	REAL_TREND	Permanent jewelry welding at retail pop-ups
S07a_et_earned_2nd	2e55aab8-ba90-42d5-81f9-02e8162a1e90	cand-n8gvjrptmu46k6ra	chain-34b1a68c-2d24-46d1-868a-c57a27d1129f	2026-09-16T10:15:08	PROMOTE_NEW	CONFIRM_NEW	c6ef6b2f-1ee2-44d0-a7df-a87eabf1b035	c6ef6b2f-1ee2-44d0-a7df-a87eabf1b035	lt060	0.5603	false	true	true	1	2	1	0.95	0.95	REAL_TREND	Beef tallow replacing seed oils for everyday cooking
S07a_et_earned_2nd	b51a95b6-36f0-43b4-9976-7d1796ec0e54	cand-tbeqxzbamtztdler	chain-ac1ae2d1-fffd-4661-bf4a-d7a107c57446	2026-09-13T10:15:15	PROMOTE_NEW	CONFIRM_NEW	2e3c36d1-45b2-4f50-8eb5-1a13df74157d	2e3c36d1-45b2-4f50-8eb5-1a13df74157d	lt060	0.5094	false	true	true	1	1	1	0.85	0.9	REAL_TREND	Vibration plates for at-home bone density training (midlife women)
S07a_et_earned_2nd	4248aa81-cb82-41ff-b6fd-4ea9805ee285	cand-gmtkokp2ms1k7xsb	chain-c4680d7b-9a2e-4837-a0cd-79e1f0dbfdaf	2026-07-26T07:15:03	PROMOTE_NEW	CONFIRM_NEW	e0373ec9-689f-4059-a217-79ba8f17de4e	e0373ec9-689f-4059-a217-79ba8f17de4e	lt060	0.5012	false	true	true	1	1	1	0.85	0.9	REAL_TREND	Swedish pick-and-mix bulk candy displays in US grocery stores
S07a_et_earned_2nd	cb206abf-3ded-4ce4-9a7a-a3acd46fd88d	cand-0wfno448mt4gjdg8	chain-ce17749c-1aaf-4a81-9614-ab84cf15bf6e	2026-08-22T10:15:27	PROMOTE_NEW	CONFIRM_NEW	80aaf334-070d-4cd2-937c-1efd89736279	80aaf334-070d-4cd2-937c-1efd89736279	b060_070	0.6768	false	true	true	1	2	1	0.85	0.85	REAL_TREND	Using targeted probiotics for oral and nasal microbiome care
S07a_et_earned_2nd	001f82c1-bbc9-4ed5-b74b-3121e5d5d5c9	cand-3xkqv38umu5lzowk	chain-dd928485-7d93-41be-9876-604e02724ca9	2026-09-17T10:15:24	PROMOTE_NEW	CONFIRM_NEW	dfa9d47f-1ab0-4b97-b3c9-6421704d0cb2	dfa9d47f-1ab0-4b97-b3c9-6421704d0cb2	none		false	true	true	1	2	1	0.85	0.9	REAL_TREND	Upgrading point-of-use water filters for PFAS/microplastic removal
S07b_confirm_reject	b9d8ef9c-1efe-4660-b842-036523e2adf0	cand-0lap522tmsmzx6ma	chain-702a511a-013b-400d-81af-0d0f8d06d127	2026-08-10T07:15:15	REJECT	CONFIRM_REJECT			none		false	true	false	1	1	1	0.95	0.9	REAL_TREND	Bespoke IKEA Furniture Upgrades via Third-Party Slipcovers
S07b_confirm_reject	ebef4d06-c6e0-4c50-a3b1-ba3df101de68	cand-7tnxd25amrmso0v6	chain-cdd3d5fa-2695-4a62-953b-188e0ecf1d63	2026-07-15T22:14:57	REJECT	CONFIRM_REJECT			lt060	0.5112	false	true	false	1	1	1	0.8	0.9	REAL_TREND	Using peel-and-stick backsplashes for instant renter-friendly kitchen updates
S07b_confirm_reject	9d8c54ab-2ac6-4123-9853-a8894e5f6a3b	cand-svqujpdimsczr485	chain-ff4f6652-c88a-4919-b431-4f5f3b36efbb	2026-08-03T07:15:35	REJECT	CONFIRM_REJECT			lt060	0.5119	false	true	false	1	1	1	0.85	0.9	REAL_TREND	Trading traditional sour gummies for sour dried fruit snacks
S07b_confirm_reject	b404509e-8ce9-401d-a3b8-1b0d5e06afd4	cand-nli5zc0qmt7bfbg2	chain-b5b0ff03-dc92-4827-917a-71394b2603e3	2026-08-24T10:15:35	REJECT	CONFIRM_REJECT			b060_070	0.6011	false	true	false	1	2	1	0.85	0.9	REAL_TREND	Using non-pharmacological nasal barrier sprays and microbiome mists
S07b_confirm_reject	2f1742dd-b515-4c7c-b7a6-7bb0e73fc2f3	cand-mdyia4hfms3b4o69	chain-a8445153-fe85-49d1-b475-4220634d9e44	2026-07-27T10:15:38	REJECT	CONFIRM_REJECT			lt060	0.514	false	true	false	1	2	1	0.85	0.95	REAL_TREND	Drinking electrolyte-infused wine spritzers for hydration
S07b_confirm_reject	0aefbedc-f356-40c1-9858-af887df34082	cand-cjqrtf0fmsrzv66c	chain-1b6e9462-453d-458f-8c04-96396dba95a5	2026-08-13T19:15:01	REJECT	CONFIRM_REJECT			lt060	0.5313	false	true	false	1	1	1	0.8	0.9	REAL_TREND	Installing prefabricated/modular outdoor kitchens for backyard renovations
S07b_confirm_reject	d25944eb-3741-4a32-9d7d-4ac96567c168	cand-tll088yqmtm8omo7	chain-4ff13104-3a1b-4802-ba02-544dea678cff	2026-09-03T22:15:02	REJECT	CONFIRM_REJECT			lt060	0.5479	false	true	false	0	0	0	0.8	0.9	REAL_TREND	Return to whole milk and full-fat dairy for minimally processed nutrition
S07b_confirm_reject	50ba611d-6054-4884-8465-d12e1545e7d9	cand-54a8qgdgmtr05d3m	chain-cd657543-f879-4c6f-9136-d89972b87ed2	2026-09-07T07:14:51	REJECT	CONFIRM_REJECT			lt060	0.5104	false	true	false	0	0	0	0.85	0.9	REAL_TREND	Booking state-legal group psilocybin retreats
S07b_confirm_reject	6c105848-2bfc-4a50-8041-e410c48f5cc0	cand-wlyn5o52mtno5b78	chain-a266d975-f712-44e0-b7ad-fd2deb7d23fc	2026-09-04T22:14:57	REJECT	CONFIRM_REJECT			b060_070	0.6068	false	true	false	0	0	0	0.8	0.85	REAL_TREND	Silk Nails (short, sheer, elegant manicures)
S07b_confirm_reject	43fc30b9-1f11-4c52-8257-694cfbb96c6c	cand-ndtsuwuomt7bfbg2	chain-b5b0ff03-dc92-4827-917a-71394b2603e3	2026-08-24T10:15:37	REJECT	CONFIRM_REJECT			b060_070	0.6306	false	true	false	1	2	1	0.85	0.95	REAL_TREND	Acoustic art and moss panels for home sound dampening
S07b_confirm_reject	27c25fda-2b6e-47f6-94f9-d32da635d3dd	cand-jhiif6wdmt5bzell	chain-4cbd9b28-1380-48ae-a406-386d3095bcb3	2026-08-23T01:15:09	REJECT	CONFIRM_REJECT			lt060	0.5271	false	true	false	1	2	1	0.8	0.85	REAL_TREND	In-House Brand Recommerce and Rental Platforms
S07b_confirm_reject	2630dac1-1e4a-46b8-a6c3-3c1f68540825	cand-66yie1x1mtfkmvnu	chain-3a9ea0c7-8131-43e6-89fc-448de79e7988	2026-08-30T07:14:54	REJECT	CONFIRM_REJECT			b060_070	0.662	false	true	false	0	0	0	0.8	0.9	REAL_TREND	Protein Matcha Lattes
S08_contested_merge	d5e7c0d8-f3c1-403e-a60d-abf909a1c90b	cand-y0kwvoj5mtxo7l09	chain-05e99841-9f6e-4afd-9b59-bb2de40af4bc	2026-09-11T22:14:55	MERGE_INTO_EXISTING	MISSED_DUPLICATE	48d74d47-1737-4cd2-91e8-27a04f4b3e71	48d74d47-1737-4cd2-91e8-27a04f4b3e71	contested	0.744	false	true	false	1	1	1	0.9	0.95	REAL_TREND	Applying removable stained-glass and privacy window films for renter decor
S08_contested_merge	3a993830-36a2-4faf-9e0a-150ebbf3ad10	cand-994wqdb3mrxr21sy	chain-a48b01cc-7bad-44eb-9b67-41d661ce9d14	2026-07-23T13:15:58	MERGE_INTO_EXISTING	MISSED_DUPLICATE	2cd8a736-c02e-4d43-b1ee-f82be414c360	2cd8a736-c02e-4d43-b1ee-f82be414c360	contested	0.7113	false	false	false	2	2	2	0.85	0.9	REAL_TREND	Using body serums and lotions formulated with facial actives to treat body skin
S08_contested_merge	b58b2b81-624f-48f8-a94d-71ad2c6442f5	cand-vu5n5lghmtxo7l09	chain-05e99841-9f6e-4afd-9b59-bb2de40af4bc	2026-09-11T22:14:59	MERGE_INTO_EXISTING	MISSED_DUPLICATE	d9da93d3-f9fc-43c5-a0e9-cb6923109fcc	d9da93d3-f9fc-43c5-a0e9-cb6923109fcc	contested	0.7058	false	true	false	1	1	1	0.85	0.9	REAL_TREND	Bovine colostrum supplements for gut and immune health
S08_contested_merge	a06ed65b-d13c-4384-968f-0f3321ea55e3	cand-58odlvzymt5vyor2	chain-3001de90-0eb3-439f-b6d8-b3674bfb63b6	2026-08-23T10:15:19	MERGE_INTO_EXISTING	MISSED_DUPLICATE	5351c59a-edb5-4f91-afac-de7ffa5607a3	5351c59a-edb5-4f91-afac-de7ffa5607a3	contested	0.7236	false	true	false	1	3	1	0.8	0.85	REAL_TREND	Grocery store tourism (visiting supermarkets for regional foods)
S08_contested_merge	6e82051a-0635-4399-8014-36b4e4c9b1d7	cand-uf6xt7f2mrpnjj3i	chain-4197e598-378e-4988-aef0-c88ad9425793	2026-07-17T22:15:07	MERGE_INTO_EXISTING	MISSED_DUPLICATE	4ecafebb-1c3b-4603-bcfd-316b8ef421fd	4ecafebb-1c3b-4603-bcfd-316b8ef421fd	contested	0.7069	false	true	false	1	2	1	0.85	0.9	REAL_TREND	Fast-dissolving oral supplement strips replacing gummies for energy and sleep
S08_contested_merge	52854a6d-2d7a-4e82-8558-178f825a7826	cand-hgcqnja3mssh0c0s	chain-45bf8a6f-c684-4cd0-a256-1e368df3cc7d	2026-08-14T01:15:04	MERGE_INTO_EXISTING	MISSED_DUPLICATE	82bbba4b-3e80-4200-93a9-9d3cb5af6b80	82bbba4b-3e80-4200-93a9-9d3cb5af6b80	contested	0.7357	false	true	false	1	1	1	0.8	0.9	REAL_TREND	Attending visible mending workshops to aesthetically repair clothes
S08_contested_merge	ee185310-9900-4308-ae68-a3c243d609a2	cand-m26eduh9mu35es00	chain-42788a7d-982e-4305-8d0b-8bbc50e5d140	2026-09-15T19:15:14	MERGE_INTO_EXISTING	MISSED_DUPLICATE	fe868f01-f1e9-4e28-835c-625fe524ea06	fe868f01-f1e9-4e28-835c-625fe524ea06	contested	0.7362	false	true	false	1	3	1	0.85	0.9	REAL_TREND	Layering solid perfumes and sprays to create custom scents
S08_contested_merge	13e69781-bfd7-4cb5-a195-3754d0ac58c8	cand-im74rhbpmrn9tuw5	chain-a8dcc2bb-c35e-4319-b3ad-2c6b9021dbc0	2026-07-16T07:15:31	MERGE_INTO_EXISTING	MISSED_DUPLICATE	f55435d6-51ec-4c6e-ab6f-27c7466b2217	f55435d6-51ec-4c6e-ab6f-27c7466b2217	contested	0.7513	false	false	false	2	2	2	0.8	0.95	REAL_TREND	Renters installing peel-and-stick acoustic panels
S08_contested_merge	c8b11e04-befa-4fae-b4ac-00a531a428da	cand-zxos3r6mmroxtyd7	chain-aebb6dac-656b-4d9c-95f1-cd65907c0a74	2026-07-17T10:15:26	MERGE_INTO_EXISTING	MISSED_DUPLICATE	3e1d453c-f25f-435e-a5fc-ad2722eb5aeb	3e1d453c-f25f-435e-a5fc-ad2722eb5aeb	contested	0.7294	false	true	false	1	1	1	0.9	0.95	REAL_TREND	Using at-home telehealth ketamine troche subscriptions for mental health
S08_contested_merge	e887470e-8fdf-4578-b3ac-b4b982b3b5e4	cand-gf3ewiksms8gukce	chain-599b987c-17a1-4e77-a47e-b1502c389b4a	2026-07-31T01:14:48	MERGE_INTO_EXISTING	MISSED_DUPLICATE	d781c8dd-eda4-44b6-bc33-9c632941021b	d781c8dd-eda4-44b6-bc33-9c632941021b	contested	0.7867	false	false	false	2	2	2	0.95	0.95	REAL_TREND	Topical PDRN (salmon DNA) serums for at-home skin regeneration
S08_contested_merge	fd392b86-c095-4b72-97e5-11c31373cb2f	cand-wzqdgyfhmrn9tuw5	chain-a8dcc2bb-c35e-4319-b3ad-2c6b9021dbc0	2026-07-16T07:15:27	MERGE_INTO_EXISTING	MISSED_DUPLICATE	1d58d673-ffd7-41cb-825e-1d3fa7b3620b	1d58d673-ffd7-41cb-825e-1d3fa7b3620b	contested	0.7081	false	true	false	1	1	1	0.9	0.9	REAL_TREND	Styling soccer jerseys as casual everyday tops
S08_contested_merge	0f48d0ef-727d-4342-ac32-01e9c148ee99	cand-e8lddsmlmsl3a2gw	chain-35cc055f-ea03-48c4-8f4e-6e48c0f2c28d	2026-08-08T22:14:57	MERGE_INTO_EXISTING	MISSED_DUPLICATE	41c11926-3c71-47b8-8c46-934da819a470	41c11926-3c71-47b8-8c46-934da819a470	contested	0.7574	false	true	false	0	0	0	0.85	0.8	REAL_TREND	Clean-Label Plant Protein Over Processed Analogs
S08_contested_merge	d850c809-2a55-4e4a-bad4-39e587ff8119	cand-nzauyap4muaam1xi	chain-b27f65ad-3bee-482c-b76b-8abf1fe9933c	2026-09-20T19:14:59	MERGE_INTO_EXISTING	MISSED_DUPLICATE	7458e128-4d0a-40fc-8d6d-876b9f0a241f	7458e128-4d0a-40fc-8d6d-876b9f0a241f	contested	0.7905	false	false	false	2	3	2	0.95	0.95	REAL_TREND	Using non-invasive vagus nerve stimulation wearables for anxiety relief
S08_contested_merge	2de110de-ef7f-4689-aba2-d5a8c0e78612	cand-vt8e2r8gmsbvskaz	chain-957addf3-c8d6-4a6a-a55a-76533a5941e9	2026-08-02T10:17:34	MERGE_INTO_EXISTING	MISSED_DUPLICATE	d252a219-d0d4-4957-8772-ed74bde45336	d252a219-d0d4-4957-8772-ed74bde45336	contested	0.7748	false	true	false	1	2	1	0.85	0.95	REAL_TREND	Using nicotine-free caffeine and nootropic pouches for on-the-go energy
S08_contested_merge	d14c85ab-a999-4536-999d-0fb2ede8f9fd	cand-xv9pyf00msam04w8	chain-d0392faa-319f-499c-9f27-74d992e60a04	2026-08-01T13:14:49	MERGE_INTO_EXISTING	MISSED_DUPLICATE	cea803d3-5f90-4ec2-bf0d-1da2fdd8080d	cea803d3-5f90-4ec2-bf0d-1da2fdd8080d	contested	0.7712	false	true	false	1	2	1	0.85	0.85	REAL_TREND	Replacing salon manicures with premium, reusable press-on nails
S08_contested_merge	762b3b49-ebc4-4457-8d83-80e2a301b0fa	cand-ymy76uncms4qj4yo	chain-164793b2-a0f0-4ead-9eb1-5c35d3b906c7	2026-07-28T10:15:22	MERGE_INTO_EXISTING	MISSED_DUPLICATE	24811e7a-ee0f-45f8-8171-b5e09b9532f1	24811e7a-ee0f-45f8-8171-b5e09b9532f1	contested	0.7193	false	true	false	1	4	1	0.85	0.9	REAL_TREND	Buying exclusive drops and local food via TikTok Shop livestreams
S08_contested_merge	4845322c-f84d-4b4b-b49a-01c2a0981734	cand-jn02q9qamqzarfrw	chain-38e6b8f3-77c5-4767-a680-8b53309b2688	2026-06-29T10:16:09	MERGE_INTO_EXISTING	MISSED_DUPLICATE	4c221bae-6617-44d0-84b4-1b8f678072df	4c221bae-6617-44d0-84b4-1b8f678072df	contested	0.7578	false	false	false	2	2	2	0.9	0.95	REAL_TREND	Purchasing functional foods/beverages to preserve muscle during GLP-1 therapy
S08_contested_merge	529f78ad-6aa5-4cf6-8dd9-8e848200db8f	cand-skbowqa6mr39nqct	chain-505f316f-7fda-405a-b746-5f2b9682d952	2026-07-02T07:15:04	MERGE_INTO_EXISTING	MISSED_DUPLICATE	64eb71d7-31e1-470c-b00e-490f1701b86b	64eb71d7-31e1-470c-b00e-490f1701b86b	contested	0.7244	false	false	false	2	2	2	0.85	0.85	REAL_TREND	Collected Interiors: Layering vintage & sentimental pieces over minimalism
S08_contested_merge	b8cbf582-923e-4abe-be63-f8ccd974914d	cand-yyq1zw1mmrl4o07t	chain-d828c35b-55dc-46e8-97e0-dfad6a1fbdd0	2026-07-14T19:14:56	MERGE_INTO_EXISTING	MISSED_DUPLICATE	3f912308-2c7f-4d5b-909e-7cac8751a072	3f912308-2c7f-4d5b-909e-7cac8751a072	contested	0.7304	false	false	false	2	2	2	0.85	0.9	REAL_TREND	Tinned fish as a portable high-protein snack
S08_contested_merge	0a131b0e-5f2a-491f-8ad0-1c0f2565b92a	cand-hleqkbuymu5rti52	chain-1c740680-e574-40f3-957d-a80f994e78c0	2026-09-17T13:15:24	MERGE_INTO_EXISTING	MISSED_DUPLICATE	6fa17d11-597c-469b-8580-246ed30ec6f8	6fa17d11-597c-469b-8580-246ed30ec6f8	contested	0.7843	false	true	false	1	1	1	0.85	0.95	REAL_TREND	Applying DIY or professional tooth gems for smile personalization
S08_contested_merge	fc5b4cd3-5d79-452d-9893-95e26235c826	cand-jp5km3bmmso6pbh5	chain-b5f12d02-64f4-4a21-9fee-254d30eb3f1d	2026-08-11T01:15:07	MERGE_INTO_EXISTING	MISSED_DUPLICATE	e60982b3-3b0f-4895-94aa-44a138ec9b4c	e60982b3-3b0f-4895-94aa-44a138ec9b4c	contested	0.7414	false	false	false	2	2	2	0.8	0.8	REAL_TREND	Delegating product discovery and checkout to AI shopping agents
S08_contested_merge	222db534-1228-4ec2-9eab-9f1563c0a27f	cand-lc3v9krrmu1he57w	chain-d5ea96c6-55be-4520-89c9-12fa195f1a8b	2026-09-14T13:15:29	MERGE_INTO_EXISTING	MISSED_DUPLICATE	4c15bfe6-466f-4808-8e0c-5dce7be08560	4c15bfe6-466f-4808-8e0c-5dce7be08560	contested	0.7147	false	true	false	1	1	1	0.85	0.95	REAL_TREND	At-home vaginal microbiome sequencing kits
S08_contested_merge	87734372-deb6-452b-b90c-4d8f6f83d140	cand-9z97s8xtmt0t2oyg	chain-a588eb63-ff68-4c64-a5ec-f53c54dc4765	2026-08-19T22:15:02	MERGE_INTO_EXISTING	MISSED_DUPLICATE	949e115f-3f20-4231-8dd0-b62168df606b	949e115f-3f20-4231-8dd0-b62168df606b	contested	0.7666	false	true	false	0	0	0	0.8	0.9	REAL_TREND	Hypochlorous acid expanding into first aid, baby care, and intimate care
S08_contested_merge	8684fc54-fc70-470a-8a99-054018e7a3e5	cand-x5s79pblmq4qir2r	chain-4990e052-39a8-49e3-a35d-2ea6cd3eea54	2026-06-08T01:15:02	MERGE_INTO_EXISTING	MISSED_DUPLICATE	82bbba4b-3e80-4200-93a9-9d3cb5af6b80	82bbba4b-3e80-4200-93a9-9d3cb5af6b80	contested	0.7725	false	false	false	2	2	2	0.85	0.9	REAL_TREND	Social clothing repair via pop-up mending festivals
S08_contested_merge	14d54a35-64b9-41b1-aece-85f8c2effe5e	cand-tlxpqgndmsr1kgik	chain-7cd7efd1-f616-4ed5-8e31-9bbde657747a	2026-08-13T01:14:50	MERGE_INTO_EXISTING	MISSED_DUPLICATE	fe868f01-f1e9-4e28-835c-625fe524ea06	fe868f01-f1e9-4e28-835c-625fe524ea06	contested	0.7254	false	false	false	2	2	2	0.85	0.95	REAL_TREND	Layering multiple perfumes to create personalized signature scents
S08_contested_merge	151ca08b-c167-4445-8317-8017706ae10d	cand-zxrs7jm4mraqaj5o	chain-6c7a265a-3c04-47f1-a97d-ede1208288e7	2026-07-07T10:15:38	MERGE_INTO_EXISTING	MISSED_DUPLICATE	5bfb1d1e-88b8-4427-8d73-89a77bb42c2b	5bfb1d1e-88b8-4427-8d73-89a77bb42c2b	contested	0.7261	false	true	false	1	2	1	0.85	0.9	REAL_TREND	Wearable Cooling Accessories
S08_contested_merge	3de98416-988d-4936-8d26-9f6915adaa99	cand-7j8nlypcmqfalgld	chain-7eb96d28-ddc2-495d-8342-a4d5af69e9f7	2026-06-15T10:15:07	MERGE_INTO_EXISTING	MISSED_DUPLICATE	f55435d6-51ec-4c6e-ab6f-27c7466b2217	f55435d6-51ec-4c6e-ab6f-27c7466b2217	contested	0.7135	false	false	false	2	2	2	0.85	0.95	REAL_TREND	Aesthetic Acoustic Wood Slats / Sound-Dampening Decor
S08_contested_merge	a408ad74-bc33-4f26-b582-148ab911bbdc	cand-maw6slrumsq3a9mw	chain-34b344ba-e8b9-4db9-a15f-9ae4a1eb61a9	2026-08-12T10:15:23	MERGE_INTO_EXISTING	MISSED_DUPLICATE	5351c59a-edb5-4f91-afac-de7ffa5607a3	5351c59a-edb5-4f91-afac-de7ffa5607a3	contested	0.7546	false	true	false	1	1	1	0.8	0.9	REAL_TREND	Grocery store tourism (visiting foreign supermarkets for local snacks/culture)
S08_contested_merge	25fa25ce-450f-4f66-902a-47bbc64b602f	cand-53sp5cobmsonuc3d	chain-7869e58b-29cf-48b1-b858-2dc030221df1	2026-08-11T10:15:13	MERGE_INTO_EXISTING	MISSED_DUPLICATE	5364eef5-e081-4b19-b033-37ae5daa2d1d	5364eef5-e081-4b19-b033-37ae5daa2d1d	contested	0.7179	false	true	false	1	2	1	0.85	0.9	REAL_TREND	Banana flavor integration in coffee and beverages
S08_contested_merge	d118092b-9b1d-4e19-bab8-6603f39e0933	cand-jedqrbs1mt200vmm	chain-02f2d95e-1e8c-4dfb-a6c0-23c029152b29	2026-08-20T19:15:24	MERGE_INTO_EXISTING	MISSED_DUPLICATE	7458e128-4d0a-40fc-8d6d-876b9f0a241f	7458e128-4d0a-40fc-8d6d-876b9f0a241f	contested	0.7583	false	true	false	1	2	1	0.9	0.9	REAL_TREND	Wearing vagus nerve stimulators for on-demand stress relief
S09_b060_070_MERGE_INTO_EXISTING	2a53dbdb-2778-4b5c-ba3c-d3d57dc88c68	cand-ycugb9bfmrdl5oqk	chain-3131d79b-2c62-4887-b628-1987742af628	2026-07-09T10:16:01	MERGE_INTO_EXISTING	MISSED_DUPLICATE	7843fe43-cb26-4edc-9119-fb5858ddefe5	7843fe43-cb26-4edc-9119-fb5858ddefe5	b060_070	0.647	false	true	false	1	2	1	0.8	0.9	REAL_TREND	Tinted mineral SPFs to prevent white cast on melanin-rich skin
S09_b060_070_MERGE_INTO_EXISTING	61573727-e185-48fb-a2f7-44d2ebec20cc	cand-ig06a2hemqwfvdac	chain-eecdb6df-1b6b-4408-a402-954c6584ba81	2026-06-27T10:15:06	MERGE_INTO_EXISTING	MISSED_DUPLICATE	008ad729-c0de-4004-9d63-58c124e40a5a	008ad729-c0de-4004-9d63-58c124e40a5a	b060_070	0.6799	false	false	false	2	2	2	0.8	0.9	REAL_TREND	SenseMaxxing: Multi-sensory food and beverages via extreme texture inclusions
S09_b060_070_MERGE_INTO_EXISTING	93bfcc52-18ef-470a-babc-7066bad060a7	cand-fi57l8a1msmiohzo	chain-f896ae95-c722-45fb-a1fa-a1a608ded85c	2026-08-09T22:15:12	MERGE_INTO_EXISTING	MISSED_DUPLICATE	5351c59a-edb5-4f91-afac-de7ffa5607a3	5351c59a-edb5-4f91-afac-de7ffa5607a3	b060_070	0.6726	false	true	false	1	1	1	0.8	0.85	REAL_TREND	Grocery Store Tourism / Shelf Discovery
S09_b060_070_MERGE_INTO_EXISTING	1ecfdfad-b05f-4de6-a4c8-39c6dc26d746	cand-w2fqc5ormt313d5c	chain-715142ad-4ded-4db9-99b0-6711882d62bd	2026-08-21T10:15:18	MERGE_INTO_EXISTING	MISSED_DUPLICATE	5351c59a-edb5-4f91-afac-de7ffa5607a3	5351c59a-edb5-4f91-afac-de7ffa5607a3	b060_070	0.6942	false	true	false	1	2	1	0.9	0.9	REAL_TREND	Supermarket Tourism: Travelers prioritizing foreign grocery stores for local foods
S09_b060_070_MERGE_INTO_EXISTING	cd4892b1-e6ed-4d39-9bed-b61890f0ce3f	cand-wc3x9icrmsef6onu	chain-a4b21825-333a-4ca3-948d-7b6896237dd6	2026-08-04T07:15:03	MERGE_INTO_EXISTING	MISSED_DUPLICATE	4c221bae-6617-44d0-84b4-1b8f678072df	4c221bae-6617-44d0-84b4-1b8f678072df	b060_070	0.6837	false	false	false	2	2	2	0.85	0.9	REAL_TREND	GLP-1 Companion Foods and Beverages
S09_b060_070_MERGE_INTO_EXISTING	da432527-1a8e-4938-8759-d81d5973fa1d	cand-xhk17wy5mtvj2ax7	chain-d966b9ac-0657-4025-8bad-29234610ce5c	2026-09-10T10:15:47	MERGE_INTO_EXISTING	MISSED_DUPLICATE	82bbba4b-3e80-4200-93a9-9d3cb5af6b80	82bbba4b-3e80-4200-93a9-9d3cb5af6b80	b060_070	0.689	false	true	false	1	2	1	0.85	0.9	REAL_TREND	Attending pre-loved fashion pop-ups with on-site patch bars and repair stations
S09_b060_070_MERGE_INTO_EXISTING	3d692d7d-7900-413b-af2b-fea60cba438a	cand-4kuoror9mt8ffrg2	chain-f233c7bd-f98d-4b33-8840-87586ac3b627	2026-08-25T07:14:59	MERGE_INTO_EXISTING	MISSED_DUPLICATE	b09b377e-e2c5-4c74-9643-2e3745a276a7	b09b377e-e2c5-4c74-9643-2e3745a276a7	b060_070	0.6981	false	true	false	1	1	1	0.85	0.9	REAL_TREND	Pistachio flavor layering in confections and beverages
S09_b060_070_MERGE_INTO_EXISTING	0ca87652-f18b-4b92-9d3a-6bd47e6827ff	cand-dvbgrzbpmtnfjptn	chain-2951835d-627d-418b-8ed3-07798942da12	2026-09-04T19:15:06	MERGE_INTO_EXISTING	MISSED_DUPLICATE	cea803d3-5f90-4ec2-bf0d-1da2fdd8080d	cea803d3-5f90-4ec2-bf0d-1da2fdd8080d	b060_070	0.6175	false	true	false	0	0	0	0.85	0.95	REAL_TREND	Premium press-on nails as salon manicure replacements
S09_b060_070_PROMOTE_NEW	7575fa6c-aada-478f-a819-b09f54048920	cand-75k6p70dmrq4onna	chain-3e6464b1-63a7-406d-a6a1-0d4c9e2a6b97	2026-07-18T07:15:16	PROMOTE_NEW	CONFIRM_NEW	0c35a0bc-6609-4a7f-aeab-ce33a880dc34	0c35a0bc-6609-4a7f-aeab-ce33a880dc34	b060_070	0.6291	false	false	false	2	2	2	0.85	0.9	REAL_TREND	Mangonada (sweet, tart, spicy) flavor profile expanding into baked goods
S09_b060_070_PROMOTE_NEW	c2311a0a-7439-4226-b906-3672048c01cf	cand-j9u1j205mp702jyn	chain-1c735b38-32b4-4bb0-9e0c-19f57c298b06	2026-05-15T13:15:05	PROMOTE_NEW	CONFIRM_NEW	7458e128-4d0a-40fc-8d6d-876b9f0a241f	7458e128-4d0a-40fc-8d6d-876b9f0a241f	b060_070	0.6706	false	false	false	2	3	2	0.9	0.95	REAL_TREND	Vagus nerve stimulation wearables for nervous system training
S09_b060_070_PROMOTE_NEW	81ac5f60-5d2d-499c-b1a8-759c2f8afcdc	cand-7pmcakmfmtz3nsks	chain-a22800fa-3206-485a-865e-962409c2f964	2026-09-12T22:14:53	PROMOTE_NEW	CONFIRM_NEW	d8eaf9ad-c2d2-4a10-b530-a08b1819bbb3	d8eaf9ad-c2d2-4a10-b530-a08b1819bbb3	b060_070	0.6431	false	false	false	2	2	2	0.85	0.9	REAL_TREND	Using high-frequency facial wands for at-home clinical skincare
S09_b060_070_PROMOTE_NEW	28d9645b-012e-4965-b1bd-437633a969b9	cand-lk1sk81kmqnv84md	chain-2ebd5770-db57-448c-9326-7cca2cf00cf9	2026-06-21T10:14:57	PROMOTE_NEW	CONFIRM_NEW	76009fb1-ea41-4f39-bee4-99fbfa08b37c	76009fb1-ea41-4f39-bee4-99fbfa08b37c	b060_070	0.6344	false	false	false	2	2	2	0.95	0.9	REAL_TREND	Kidults hunting in-store for limited-edition blind boxes and utility drops
S09_b060_070_PROMOTE_NEW	7668012e-ab9f-4e41-9da2-7b1748a1bcdc	cand-8zeuk1dzmpxlayp5	chain-a06e274f-e18b-49f4-86dd-74b091aaf96f	2026-06-03T01:15:12	PROMOTE_NEW	CONFIRM_NEW	7db4209f-a710-4d0f-9a2e-f5d137e4d850	7db4209f-a710-4d0f-9a2e-f5d137e4d850	b060_070	0.6069	false	false	false	2	2	2	0.9	0.95	REAL_TREND	Melatonin-Free Magnesium & Adaptogen Sleep Beverages
S09_b060_070_PROMOTE_NEW	f202a6f2-ba66-42f0-be6c-d3b9f90cce27	cand-szg2i8tomraw0fj4	chain-0786fc33-38d2-4369-8463-50cc828a858b	2026-07-07T13:15:20	PROMOTE_NEW	CONFIRM_NEW	a847d14f-71da-407c-bdea-0fdb3f7c4769	a847d14f-71da-407c-bdea-0fdb3f7c4769	b060_070	0.6038	false	false	false	2	2	2	0.8	0.85	REAL_TREND	Replacing supplement powders with collagen-fortified RTD coffees
S09_b060_070_PROMOTE_NEW	b79d3352-bfc6-4d2e-a790-47b072579f35	cand-yu6asju1mqfxh0ak	chain-f1b1cf8a-c1bc-41cb-8c2a-440c6c077126	2026-06-15T22:14:58	PROMOTE_NEW	CONFIRM_NEW	b5b2e5bd-9cc2-46b7-a421-5ffec0aa4031	b5b2e5bd-9cc2-46b7-a421-5ffec0aa4031	b060_070	0.6391	false	false	false	2	2	2	0.8	0.8	REAL_TREND	Adopting fiber-enriched instant beverages for gut health
S09_b060_070_PROMOTE_NEW	f32f024c-0cc2-4249-ada4-64ded64822d4	cand-5hzqle39mtakl5a5	chain-fd803832-f5f4-48bf-9e9a-4b319adb3ca3	2026-08-26T19:15:05	PROMOTE_NEW	CONFIRM_NEW	45814d50-a9d5-4d28-b8fd-22656d0d3061	45814d50-a9d5-4d28-b8fd-22656d0d3061	b060_070	0.6222	false	false	false	2	2	2	0.8	0.85	REAL_TREND	Crafting and wearing upcycled patchwork garments from vintage scraps
S09_b060_070_REJECT	2a47acfb-b061-4e3b-a09a-c59d9bf26373	cand-mfntrn0zmstnvptm	chain-21fa9acf-2ec3-475a-8603-c63d3ac1b0ae	2026-08-14T22:14:58	REJECT	LOW_QUALITY			b060_070	0.6766	false	true	false	1	2	1	0.85	0.9	REAL_TREND	Participating in live auctions and mystery "Surprise Sets" on TikTok Shop
S09_b060_070_REJECT	89ebeb75-0dc6-4235-b674-f3377bdd1101	cand-ouy3cgawmtblqu1r	chain-58c22227-7ad6-4250-8328-0bcaf2cb7d76	2026-08-27T10:15:39	REJECT	LOW_QUALITY			b060_070	0.6594	false	true	false	1	2	1	0.8	0.7	REAL_TREND	Shopping prestige and emerging beauty brands at mass retailers
S09_b060_070_REJECT	863e108c-35cd-46aa-9b78-6a27b2d5782c	cand-asgxsqxjmsenrgkw	chain-fb34a88b-575a-4385-aa4d-0c133258b683	2026-08-04T10:15:38	REJECT	LOW_QUALITY			b060_070	0.6869	false	true	false	1	1	1	0.85	0.85	REAL_TREND	Aesthetic pet food storage and feeding solutions blending into home decor
S09_b060_070_REJECT	4ef34d29-ffe1-4046-8524-c8bd40e73158	cand-qeska2aimrnzjc1c	chain-ad0bed26-5404-4183-84ea-cf8e70ac07f4	2026-07-16T19:14:57	REJECT	LOW_QUALITY			b060_070	0.6114	false	true	false	1	1	1	0.8	0.9	REAL_TREND	Pop-up Padel Courts at Retail Flagships
S09_b060_070_REJECT	70f7e993-8b27-46ba-b2b5-58bac2b542d0	cand-4euefnirmtc01jwf	chain-236631f1-5cf7-414a-aed1-7ed00228feb7	2026-08-27T19:15:09	REJECT	LOW_QUALITY			b060_070	0.6193	false	true	false	0	0	0	0.8	0.9	REAL_TREND	Wearing skirt-jean hybrid bottoms
S09_b060_070_REJECT	a6d2b52f-4425-44b6-9ed4-a28a43938017	cand-js3cb4k4mtwyi26x	chain-7764d934-535e-4725-a2a7-751162c56e65	2026-09-11T10:15:15	REJECT	LOW_QUALITY			b060_070	0.6714	false	true	false	1	1	1	0.8	0.9	REAL_TREND	At-Home NAD+ Telehealth Subscriptions
S09_b060_070_REJECT	659f8477-22c5-4f4c-854f-2eeef65c4890	cand-8pe56c4nmtov07w0	chain-826b100e-414c-4a92-9a2c-c354a8ae0d55	2026-09-05T19:15:17	REJECT	LOW_QUALITY			b060_070	0.6599	false	true	false	0	0	0	0.85	0.9	REAL_TREND	Social Malling / mallmaxxing
S09_b060_070_REJECT	a71facc0-9802-435b-a9ca-e39e034b1dcc	cand-7bx93236ms90uelp	chain-ca3b045c-a3b8-4f61-a50f-0dbe946a1c41	2026-07-31T10:15:40	REJECT	LOW_QUALITY			b060_070	0.6623	false	true	false	1	2	1	0.8	0.9	REAL_TREND	Topical exosome serums for skin regeneration
S10_lt060_MERGE_INTO_EXISTING	bce61f56-e3f7-458c-b961-ec226b245673	cand-fo4gh924msxy7ki1	chain-f0a1297d-9bc1-4a3a-a588-5b49abeaeccb	2026-08-17T22:15:04	MERGE_INTO_EXISTING	MISSED_DUPLICATE	656478c2-114c-4d7b-9830-53957f550830	656478c2-114c-4d7b-9830-53957f550830	lt060	0.5469	false	true	false	1	1	1	0.85	0.95	REAL_TREND	Buying dual-chamber skincare and makeup hybrids to streamline 'cocktailing'
S10_lt060_MERGE_INTO_EXISTING	143e1afb-8b6a-4cbf-8b9c-63dba0cc7e88	cand-hsvr0erqmrgg2o4j	chain-047075bb-270b-4512-9b47-2fd58f76ab77	2026-07-11T10:15:43	MERGE_INTO_EXISTING	MISSED_DUPLICATE	f4290695-a53c-4654-b351-6de85dc0c877	f4290695-a53c-4654-b351-6de85dc0c877	lt060	0.5824	false	true	false	1	2	1	0.8	0.9	REAL_TREND	Traveling abroad for aesthetic and skincare treatments
S10_lt060_MERGE_INTO_EXISTING	f2f57720-944c-41fb-bb6d-3d3b0f96ef51	cand-zf2qdr4jmri18626	chain-321a0c70-70c9-44e7-9dce-00181e4e427d	2026-07-12T13:14:53	MERGE_INTO_EXISTING	MISSED_DUPLICATE	48d74d47-1737-4cd2-91e8-27a04f4b3e71	48d74d47-1737-4cd2-91e8-27a04f4b3e71	lt060	0.5889	false	true	false	1	1	1	0.85	0.95	REAL_TREND	Applying removable heat-blocking window film for summer cooling
S10_lt060_MERGE_INTO_EXISTING	b6906ae1-2a76-4301-8dbe-de43932c965c	cand-q1gi9punmrcsm7nd	chain-8a11fc63-07bd-4476-9c6c-259babc4ba80	2026-07-08T22:14:59	MERGE_INTO_EXISTING	MISSED_DUPLICATE	7e63f39b-f73f-4331-a59c-82465e0a5404	7e63f39b-f73f-4331-a59c-82465e0a5404	lt060	0.5505	false	true	false	1	2	1	0.8	0.9	REAL_TREND	Drinking extra virgin olive oil as a wellness shot
S10_lt060_PROMOTE_NEW	67110af4-06da-4969-b208-ce39739cc4be	cand-rbrzxwk7ms71f40w	chain-b2968b50-9711-484e-8934-36266d581de0	2026-07-30T01:15:05	PROMOTE_NEW	CONFIRM_NEW	943a09e7-68f9-4748-ac5c-1113dd9028ce	943a09e7-68f9-4748-ac5c-1113dd9028ce	lt060	0.5209	false	false	false	2	2	2	0.9	0.9	REAL_TREND	High-fiber meals & chia to support gut health and GLP-1
S10_lt060_PROMOTE_NEW	f9eec29e-043f-4003-809a-38726edb2426	cand-czgsywt6ms3b4o69	chain-a8445153-fe85-49d1-b475-4220634d9e44	2026-07-27T10:15:30	PROMOTE_NEW	CONFIRM_NEW	bb80d1ea-3fa7-49ce-91ef-8da262f23570	bb80d1ea-3fa7-49ce-91ef-8da262f23570	lt060	0.5866	false	false	false	2	2	2	0.8	0.85	REAL_TREND	Using savory and umami ingredients (miso, seaweed) in home mixology
S10_lt060_PROMOTE_NEW	737f75f7-fedd-4275-9487-8bedd78bfb78	cand-3lsjb4dfmq65ybxy	chain-e45ce45b-e32e-4951-9409-5211b32c1995	2026-06-09T01:14:53	PROMOTE_NEW	CONFIRM_NEW	21f707f5-8fdc-4019-b812-ab3827bff634	21f707f5-8fdc-4019-b812-ab3827bff634	lt060	0.5689	false	false	false	2	2	2	0.8	0.9	REAL_TREND	Layering gourmand cosmetics (food-inspired makeup/skincare with edible scents)
S10_lt060_PROMOTE_NEW	d035702f-c2cd-4ef0-9afc-0b3f80f5cf61	cand-fgb3rsxxmp5hpbxg	chain-d59cda2c-4a24-48f0-9e9e-49a1b4fb5dfe	2026-05-14T10:14:56	PROMOTE_NEW	CONFIRM_NEW	b82b0f33-f798-4bef-8d5c-fa9a3208d595	b82b0f33-f798-4bef-8d5c-fa9a3208d595	lt060	0.5831	false	false	false	2	2	2	0.85	0.9	REAL_TREND	Swangy (sweet-spicy-tangy) flavors in RTD beverages and snacks
S10_lt060_PROMOTE_NEW	89274fae-32c7-467c-81be-b6e04a4437c6	cand-yfzm4xesmr568v3c	chain-dd694c7f-a680-41c3-a31b-615983179963	2026-07-03T13:14:54	PROMOTE_NEW	CONFIRM_NEW	5351c59a-edb5-4f91-afac-de7ffa5607a3	5351c59a-edb5-4f91-afac-de7ffa5607a3	lt060	0.5536	false	false	false	2	2	2	0.85	0.9	REAL_TREND	Grocery tourism: traveling abroad to haul novel CPG products from supermarkets
S10_lt060_PROMOTE_NEW	a95ebc59-1c6d-4924-b282-3b77ed23b094	cand-5rlvh9h5mqzarfrw	chain-38e6b8f3-77c5-4767-a680-8b53309b2688	2026-06-29T10:15:23	PROMOTE_NEW	CONFIRM_NEW	e5f70676-9b60-4840-97b3-3b59ab1a31a5	e5f70676-9b60-4840-97b3-3b59ab1a31a5	lt060	0.5446	false	false	false	2	4	2	0.9	0.95	REAL_TREND	Reviving capris and gauchos as polished summer alternatives to shorts
S10_lt060_REJECT	65228c5a-eea5-4b18-8523-82f97971e164	cand-r67orx7mmt1rdm69	chain-74402840-47bb-4ad8-b518-7b90ec34695f	2026-08-20T13:15:04	REJECT	LOW_QUALITY			lt060	0.5007	false	true	false	1	1	1	0.85	0.9	REAL_TREND	Men adopting micro and luxury crossbody bags
S10_lt060_REJECT	eab0ac76-5372-445d-b9d5-08d0cf33aa70	cand-2bteyisfms71f40x	chain-b2968b50-9711-484e-8934-36266d581de0	2026-07-30T01:15:11	REJECT	LOW_QUALITY			lt060	0.5222	false	true	false	1	1	1	0.85	0.95	REAL_TREND	Using Nordic walking poles for full-body outdoor walks
S10_lt060_REJECT	e6fc1f9b-74d3-4801-8940-ff6a88f134f2	cand-w1zftg5hmt4gjdg8	chain-ce17749c-1aaf-4a81-9614-ab84cf15bf6e	2026-08-22T10:15:43	REJECT	LOW_QUALITY			lt060	0.5666	false	true	false	1	2	1	0.85	0.95	REAL_TREND	Using self-tanning blush for multi-day cheek color
S10_lt060_REJECT	7d57ca9d-35f9-434b-8c3a-fe1a1b88691e	cand-bx6rb3yrmtgadh8d	chain-6b780e5d-66b4-4a2c-9549-25154d2c112e	2026-08-30T19:15:00	REJECT	LOW_QUALITY			lt060	0.5321	false	true	false	0	0	0	0.8	0.8	REAL_TREND	Replacing centralized smart hubs with standalone smart plugs and switches
S10_lt060_REJECT	56f8d294-9ce5-4869-85b1-f6e2e1b043ed	cand-l4n7phtmmu5rti52	chain-1c740680-e574-40f3-957d-a80f994e78c0	2026-09-17T13:15:26	REJECT	LOW_QUALITY			lt060	0.5548	false	true	false	1	1	1	0.85	0.9	REAL_TREND	Mainstream female adoption of looksmaxxing facial-optimization routines
S10_lt060_REJECT	ab4683ec-d09d-4c9b-aba5-ce84657b3c30	cand-tpwe2jwjmsxh2u0v	chain-b91bf310-3087-471a-9066-881ff2154a01	2026-08-17T13:15:14	REJECT	LOW_QUALITY			lt060	0.5	false	true	false	1	2	1	0.9	0.95	REAL_TREND	Applying lime plaster for textured interior walls
S11_none_PROMOTE_NEW	b591951c-c49d-410f-a2ed-2fff84037ceb	cand-5rpgm0z7mokqklqv	chain-7919980e-78fd-4a1d-a644-688910449b5e	2026-04-29T22:15:03	PROMOTE_NEW	CONFIRM_NEW	09364687-2900-4818-9267-796951be89a7	09364687-2900-4818-9267-796951be89a7	none		false	false	false	2	5	2	0.85	0.95	REAL_TREND	Telehealth Peptide Stacking
S11_none_PROMOTE_NEW	7b5d0acf-edc6-4049-8103-c2a4acbab748	cand-ijuw2irhmq5aitzy	chain-65dceef0-621e-41e3-9fd9-bcdd735c0776	2026-06-08T10:15:20	PROMOTE_NEW	CONFIRM_NEW	eff487e6-a119-4eb3-a779-cbf64f77175c	eff487e6-a119-4eb3-a779-cbf64f77175c	none		false	false	false	2	2	2	0.85	0.9	REAL_TREND	Adopting waterless solid beauty formats (shampoo bars, balm sticks)
S11_none_PROMOTE_NEW	0249bc90-4ee3-4f61-88b3-273388c8e3ca	cand-8tiebei2mp840jsl	chain-74e3a96c-99df-43c2-9a45-f9fdede7c0ae	2026-05-16T07:14:56	PROMOTE_NEW	CONFIRM_NEW	844b52ec-012a-4d5b-b628-401491d6b43d	844b52ec-012a-4d5b-b628-401491d6b43d	none		false	false	false	2	3	2	0.85	0.95	REAL_TREND	Wearable Adhesive Cramp Relief Patches
S11_none_PROMOTE_NEW	50e60d71-b8be-40fa-be3c-90bb1209d84b	cand-rbxj0cxomp840jsl	chain-74e3a96c-99df-43c2-9a45-f9fdede7c0ae	2026-05-16T07:15:20	PROMOTE_NEW	CONFIRM_NEW	1e40f9ec-6722-4c6a-b018-0eab048f8827	1e40f9ec-6722-4c6a-b018-0eab048f8827	none		false	false	false	2	3	2	0.8	0.9	REAL_TREND	Intranasal NAD+ Sprays for Cognitive Energy
S11_none_PROMOTE_NEW	2c00eacb-6b3e-4f13-acc9-cab5dc9caf65	cand-bvp7t306mpzksmz7	chain-22e9e68c-3ba4-426d-ad3b-543ee56d1982	2026-06-04T10:15:06	PROMOTE_NEW	CONFIRM_NEW	d3bcd2cb-62bc-470b-80b5-a562b5c17a44	d3bcd2cb-62bc-470b-80b5-a562b5c17a44	none		false	false	false	2	2	2	0.9	0.95	REAL_TREND	Taking Chitosan Supplements for Microplastic Detox
S11_none_PROMOTE_NEW	45790e0b-cea1-4823-8088-2285047d20b0	cand-xslr6vswmpejg1lc	chain-25d08c2d-ecd2-4abc-961b-5194ba8b3755	2026-05-20T19:15:11	PROMOTE_NEW	CONFIRM_NEW	24811e7a-ee0f-45f8-8171-b5e09b9532f1	24811e7a-ee0f-45f8-8171-b5e09b9532f1	none		false	false	false	2	3	2	0.85	0.85	REAL_TREND	Purchasing creator-led live micro-drops on TikTok Shop
S11_none_REJECT	56d0328c-0343-4f0d-bed4-fbcdebb87b60	cand-9k7bmfkpmrxldbbt	chain-eb196a52-6857-4ea5-ad52-5e2f27524d64	2026-07-23T10:15:25	REJECT	LOW_QUALITY			none		false	true	false	1	2	1	0.8	0.9	REAL_TREND	Adults crafting Play-Doh into permanent floral home decor
S11_none_REJECT	140a50cf-0fa8-4350-bc32-89b69a60e92f	cand-07g7opihmrjawva5	chain-7a52fbd8-5140-4adf-bbe5-975531db4444	2026-07-13T10:15:04	REJECT	LOW_QUALITY			none		false	true	false	1	2	1	0.8	0.85	REAL_TREND	Plastic-free prestige makeup
S11_none_REJECT	5759ad1c-644c-4fa4-81b8-3b511bc2f8ea	cand-c9rrhclrmrznmlmu	chain-7d6dc440-bf2a-4ab2-b3f0-9727808be4c9	2026-07-24T22:15:27	REJECT	LOW_QUALITY			none		false	true	false	1	1	1	0.8	0.9	REAL_TREND	Using face-grade actives (retinol, bakuchiol) in daily hand creams
S11_none_REJECT	b15158d5-0b92-47fc-9b98-bb842365d70f	cand-ibjcdz4smrdqvw5k	chain-b1b5c57a-9e8b-46c2-9afc-cdeecff8c019	2026-07-09T13:14:52	REJECT	LOW_QUALITY			none		false	true	false	1	1	1	0.85	0.95	REAL_TREND	The Wet Lash Look
S11_none_REJECT	394bc1a0-d3aa-4ada-9480-c9564685dadb	cand-19qh4fwymtdfhcp5	chain-b7fd35fd-9603-4b8d-8c59-fa4245329dcf	2026-08-28T19:15:16	REJECT	LOW_QUALITY			none		false	true	false	0	0	0	0.85	0.95	REAL_TREND	Fragrance Slugging
S11_none_REJECT	c7fd1ac0-b857-4e32-9bc8-1b8bee5cec5d	cand-i6b3cyc1mtblqu1r	chain-58c22227-7ad6-4250-8328-0bcaf2cb7d76	2026-08-27T10:15:41	REJECT	LOW_QUALITY			none		false	true	false	1	2	1	0.8	0.85	REAL_TREND	Booking travel around rare natural phenomena (astrotourism and storm chasing)
